<refentry id="column.gap.index">
<refmeta>
<refentrytitle>column.gap.index</refentrytitle>
<refmiscinfo role="type">length</refmiscinfo>
</refmeta>
<refnamediv>
<refname>column.gap.index</refname>
<refpurpose>Gap between columns in the index</refpurpose>
</refnamediv>

<refsynopsisdiv>
<src:fragment id='column.gap.index.frag'>
<xsl:param name="column.gap.index" select="'12pt'"/>
</src:fragment>
</refsynopsisdiv>

<refsect1><title>Description</title>

<para>Specifies the gap between columns in indexes (if
<parameter>column.count.index</parameter> is greater than one).</para>

</refsect1>
</refentry>
