<refentry id="eclipse.plugin.provider">
<refmeta>
<refentrytitle>eclipse.plugin.provider</refentrytitle>
<refmiscinfo role="type">string</refmiscinfo>
</refmeta>
<refnamediv>
<refname>eclipse.plugin.provider</refname>
<refpurpose>Eclipse Help plugin provider name</refpurpose>
</refnamediv>

<refsynopsisdiv>
<src:fragment id='eclipse.plugin.provider.frag'>
<xsl:param name="eclipse.plugin.provider">Example provider</xsl:param>
</src:fragment>
</refsynopsisdiv>

<refsect1><title>Description</title>

<para>Eclipse Help plugin provider name.</para>

</refsect1>
</refentry>
