<refentry id="htmlhelp.hhp.windows">
<refmeta>
<refentrytitle>htmlhelp.hhp.windows</refentrytitle>
<refmiscinfo role="type">string</refmiscinfo>
</refmeta>
<refnamediv>
<refname>htmlhelp.hhp.windows</refname>
<refpurpose>Definition of additional windows</refpurpose>
</refnamediv>

<refsynopsisdiv>
<src:fragment id='htmlhelp.hhp.windows.frag'>
<xsl:param name="htmlhelp.hhp.windows"/>
</src:fragment>
</refsynopsisdiv>

<refsect1><title>Description</title>

<para>Content of this parameter is placed at the end of [WINDOWS]
section of project file. You can use it for defining your own
addtional windows.</para>

</refsect1>
</refentry>
