<refentry id="verbatim.properties">
<refnamediv>
<refname>verbatim.properties</refname>
<refpurpose>Properties associated with verbatim text</refpurpose>
</refnamediv>

<refsynopsisdiv>
<src:fragment id='verbatim.properties.frag'>
<xsl:attribute-set name="verbatim.properties">
  <xsl:attribute name="space-before.minimum">0.8em</xsl:attribute>
  <xsl:attribute name="space-before.optimum">1em</xsl:attribute>
  <xsl:attribute name="space-before.maximum">1.2em</xsl:attribute>
  <xsl:attribute name="space-after.minimum">0.8em</xsl:attribute>
  <xsl:attribute name="space-after.optimum">1em</xsl:attribute>
  <xsl:attribute name="space-after.maximum">1.2em</xsl:attribute>
</xsl:attribute-set></src:fragment>
</refsynopsisdiv>

<refsect1><title>Description</title>
<para>This attribute set is used on all verbatim environments.</para>
</refsect1>

</refentry>
